{ 
    "_id" : "rootx-1628221920383", 
    "hostname" : "rootx", 
    "startTime" : ISODate("2021-08-06T03:52:00.000+0000"), 
    "startTimeLocal" : "Fri Aug  6 09:22:00.383", 
    "cmdLine" : {
        "config" : "/etc/mongod.conf", 
        "net" : {
            "bindIp" : "127.0.0.1", 
            "port" : NumberInt(27017)
        }, 
        "processManagement" : {
            "timeZoneInfo" : "/usr/share/zoneinfo"
        }, 
        "storage" : {
            "dbPath" : "/var/lib/mongodb", 
            "journal" : {
                "enabled" : true
            }
        }, 
        "systemLog" : {
            "destination" : "file", 
            "logAppend" : true, 
            "path" : "/var/log/mongodb/mongod.log"
        }
    }, 
    "pid" : NumberLong(343932), 
    "buildinfo" : {
        "version" : "5.0.2", 
        "gitVersion" : "6d9ec525e78465dcecadcff99cce953d380fedc8", 
        "modules" : [

        ], 
        "allocator" : "tcmalloc", 
        "javascriptEngine" : "mozjs", 
        "sysInfo" : "deprecated", 
        "versionArray" : [
            NumberInt(5), 
            NumberInt(0), 
            NumberInt(2), 
            NumberInt(0)
        ], 
        "openssl" : {
            "running" : "OpenSSL 1.1.1i  8 Dec 2020", 
            "compiled" : "OpenSSL 1.1.1d  10 Sep 2019"
        }, 
        "buildEnvironment" : {
            "distmod" : "debian10", 
            "distarch" : "x86_64", 
            "cc" : "/opt/mongodbtoolchain/v3/bin/gcc: gcc (GCC) 8.5.0", 
            "ccflags" : "-Werror -include mongo/platform/basic.h -fasynchronous-unwind-tables -ggdb -Wall -Wsign-compare -Wno-unknown-pragmas -Winvalid-pch -fno-omit-frame-pointer -fno-strict-aliasing -O2 -march=sandybridge -mtune=generic -mprefer-vector-width=128 -Wno-unused-local-typedefs -Wno-unused-function -Wno-deprecated-declarations -Wno-unused-const-variable -Wno-unused-but-set-variable -Wno-missing-braces -fstack-protector-strong -Wa,--nocompress-debug-sections -fno-builtin-memcmp", 
            "cxx" : "/opt/mongodbtoolchain/v3/bin/g++: g++ (GCC) 8.5.0", 
            "cxxflags" : "-Woverloaded-virtual -Wno-maybe-uninitialized -fsized-deallocation -std=c++17", 
            "linkflags" : "-Wl,--fatal-warnings -pthread -Wl,-z,now -fuse-ld=gold -fstack-protector-strong -Wl,--no-threads -Wl,--build-id -Wl,--hash-style=gnu -Wl,-z,noexecstack -Wl,--warn-execstack -Wl,-z,relro -Wl,--compress-debug-sections=none -Wl,-z,origin -Wl,--enable-new-dtags", 
            "target_arch" : "x86_64", 
            "target_os" : "linux", 
            "cppdefines" : "SAFEINT_USE_INTRINSICS 0 PCRE_STATIC NDEBUG _XOPEN_SOURCE 700 _GNU_SOURCE _FORTIFY_SOURCE 2 BOOST_THREAD_VERSION 5 BOOST_THREAD_USES_DATETIME BOOST_SYSTEM_NO_DEPRECATED BOOST_MATH_NO_LONG_DOUBLE_MATH_FUNCTIONS BOOST_ENABLE_ASSERT_DEBUG_HANDLER BOOST_LOG_NO_SHORTHAND_NAMES BOOST_LOG_USE_NATIVE_SYSLOG BOOST_LOG_WITHOUT_THREAD_ATTR ABSL_FORCE_ALIGNED_ACCESS"
        }, 
        "bits" : NumberInt(64), 
        "debug" : false, 
        "maxBsonObjectSize" : NumberInt(16777216), 
        "storageEngines" : [
            "devnull", 
            "ephemeralForTest", 
            "wiredTiger"
        ]
    }
}
{ 
    "_id" : "rootx-1628507276179", 
    "hostname" : "rootx", 
    "startTime" : ISODate("2021-08-09T11:07:56.000+0000"), 
    "startTimeLocal" : "Mon Aug  9 16:37:56.179", 
    "cmdLine" : {
        "config" : "/etc/mongod.conf", 
        "net" : {
            "bindIp" : "127.0.0.1", 
            "port" : NumberInt(27017)
        }, 
        "processManagement" : {
            "timeZoneInfo" : "/usr/share/zoneinfo"
        }, 
        "storage" : {
            "dbPath" : "/var/lib/mongodb", 
            "journal" : {
                "enabled" : true
            }
        }, 
        "systemLog" : {
            "destination" : "file", 
            "logAppend" : true, 
            "path" : "/var/log/mongodb/mongod.log"
        }
    }, 
    "pid" : NumberLong(12742), 
    "buildinfo" : {
        "version" : "5.0.2", 
        "gitVersion" : "6d9ec525e78465dcecadcff99cce953d380fedc8", 
        "modules" : [

        ], 
        "allocator" : "tcmalloc", 
        "javascriptEngine" : "mozjs", 
        "sysInfo" : "deprecated", 
        "versionArray" : [
            NumberInt(5), 
            NumberInt(0), 
            NumberInt(2), 
            NumberInt(0)
        ], 
        "openssl" : {
            "running" : "OpenSSL 1.1.1i  8 Dec 2020", 
            "compiled" : "OpenSSL 1.1.1d  10 Sep 2019"
        }, 
        "buildEnvironment" : {
            "distmod" : "debian10", 
            "distarch" : "x86_64", 
            "cc" : "/opt/mongodbtoolchain/v3/bin/gcc: gcc (GCC) 8.5.0", 
            "ccflags" : "-Werror -include mongo/platform/basic.h -fasynchronous-unwind-tables -ggdb -Wall -Wsign-compare -Wno-unknown-pragmas -Winvalid-pch -fno-omit-frame-pointer -fno-strict-aliasing -O2 -march=sandybridge -mtune=generic -mprefer-vector-width=128 -Wno-unused-local-typedefs -Wno-unused-function -Wno-deprecated-declarations -Wno-unused-const-variable -Wno-unused-but-set-variable -Wno-missing-braces -fstack-protector-strong -Wa,--nocompress-debug-sections -fno-builtin-memcmp", 
            "cxx" : "/opt/mongodbtoolchain/v3/bin/g++: g++ (GCC) 8.5.0", 
            "cxxflags" : "-Woverloaded-virtual -Wno-maybe-uninitialized -fsized-deallocation -std=c++17", 
            "linkflags" : "-Wl,--fatal-warnings -pthread -Wl,-z,now -fuse-ld=gold -fstack-protector-strong -Wl,--no-threads -Wl,--build-id -Wl,--hash-style=gnu -Wl,-z,noexecstack -Wl,--warn-execstack -Wl,-z,relro -Wl,--compress-debug-sections=none -Wl,-z,origin -Wl,--enable-new-dtags", 
            "target_arch" : "x86_64", 
            "target_os" : "linux", 
            "cppdefines" : "SAFEINT_USE_INTRINSICS 0 PCRE_STATIC NDEBUG _XOPEN_SOURCE 700 _GNU_SOURCE _FORTIFY_SOURCE 2 BOOST_THREAD_VERSION 5 BOOST_THREAD_USES_DATETIME BOOST_SYSTEM_NO_DEPRECATED BOOST_MATH_NO_LONG_DOUBLE_MATH_FUNCTIONS BOOST_ENABLE_ASSERT_DEBUG_HANDLER BOOST_LOG_NO_SHORTHAND_NAMES BOOST_LOG_USE_NATIVE_SYSLOG BOOST_LOG_WITHOUT_THREAD_ATTR ABSL_FORCE_ALIGNED_ACCESS"
        }, 
        "bits" : NumberInt(64), 
        "debug" : false, 
        "maxBsonObjectSize" : NumberInt(16777216), 
        "storageEngines" : [
            "devnull", 
            "ephemeralForTest", 
            "wiredTiger"
        ]
    }
}
{ 
    "_id" : "rootx-1628863279516", 
    "hostname" : "rootx", 
    "startTime" : ISODate("2021-08-13T14:01:19.000+0000"), 
    "startTimeLocal" : "Fri Aug 13 19:31:19.516", 
    "cmdLine" : {
        "config" : "/etc/mongod.conf", 
        "net" : {
            "bindIp" : "127.0.0.1", 
            "port" : NumberInt(27017)
        }, 
        "processManagement" : {
            "timeZoneInfo" : "/usr/share/zoneinfo"
        }, 
        "storage" : {
            "dbPath" : "/var/lib/mongodb", 
            "journal" : {
                "enabled" : true
            }
        }, 
        "systemLog" : {
            "destination" : "file", 
            "logAppend" : true, 
            "path" : "/var/log/mongodb/mongod.log"
        }
    }, 
    "pid" : NumberLong(464044), 
    "buildinfo" : {
        "version" : "5.0.2", 
        "gitVersion" : "6d9ec525e78465dcecadcff99cce953d380fedc8", 
        "modules" : [

        ], 
        "allocator" : "tcmalloc", 
        "javascriptEngine" : "mozjs", 
        "sysInfo" : "deprecated", 
        "versionArray" : [
            NumberInt(5), 
            NumberInt(0), 
            NumberInt(2), 
            NumberInt(0)
        ], 
        "openssl" : {
            "running" : "OpenSSL 1.1.1i  8 Dec 2020", 
            "compiled" : "OpenSSL 1.1.1d  10 Sep 2019"
        }, 
        "buildEnvironment" : {
            "distmod" : "debian10", 
            "distarch" : "x86_64", 
            "cc" : "/opt/mongodbtoolchain/v3/bin/gcc: gcc (GCC) 8.5.0", 
            "ccflags" : "-Werror -include mongo/platform/basic.h -fasynchronous-unwind-tables -ggdb -Wall -Wsign-compare -Wno-unknown-pragmas -Winvalid-pch -fno-omit-frame-pointer -fno-strict-aliasing -O2 -march=sandybridge -mtune=generic -mprefer-vector-width=128 -Wno-unused-local-typedefs -Wno-unused-function -Wno-deprecated-declarations -Wno-unused-const-variable -Wno-unused-but-set-variable -Wno-missing-braces -fstack-protector-strong -Wa,--nocompress-debug-sections -fno-builtin-memcmp", 
            "cxx" : "/opt/mongodbtoolchain/v3/bin/g++: g++ (GCC) 8.5.0", 
            "cxxflags" : "-Woverloaded-virtual -Wno-maybe-uninitialized -fsized-deallocation -std=c++17", 
            "linkflags" : "-Wl,--fatal-warnings -pthread -Wl,-z,now -fuse-ld=gold -fstack-protector-strong -Wl,--no-threads -Wl,--build-id -Wl,--hash-style=gnu -Wl,-z,noexecstack -Wl,--warn-execstack -Wl,-z,relro -Wl,--compress-debug-sections=none -Wl,-z,origin -Wl,--enable-new-dtags", 
            "target_arch" : "x86_64", 
            "target_os" : "linux", 
            "cppdefines" : "SAFEINT_USE_INTRINSICS 0 PCRE_STATIC NDEBUG _XOPEN_SOURCE 700 _GNU_SOURCE _FORTIFY_SOURCE 2 BOOST_THREAD_VERSION 5 BOOST_THREAD_USES_DATETIME BOOST_SYSTEM_NO_DEPRECATED BOOST_MATH_NO_LONG_DOUBLE_MATH_FUNCTIONS BOOST_ENABLE_ASSERT_DEBUG_HANDLER BOOST_LOG_NO_SHORTHAND_NAMES BOOST_LOG_USE_NATIVE_SYSLOG BOOST_LOG_WITHOUT_THREAD_ATTR ABSL_FORCE_ALIGNED_ACCESS"
        }, 
        "bits" : NumberInt(64), 
        "debug" : false, 
        "maxBsonObjectSize" : NumberInt(16777216), 
        "storageEngines" : [
            "devnull", 
            "ephemeralForTest", 
            "wiredTiger"
        ]
    }
}
{ 
    "_id" : "rootx-1628916970191", 
    "hostname" : "rootx", 
    "startTime" : ISODate("2021-08-14T04:56:10.000+0000"), 
    "startTimeLocal" : "Sat Aug 14 10:26:10.191", 
    "cmdLine" : {
        "storage" : {
            "dbPath" : "/var/lib/mongodb/", 
            "journal" : {
                "enabled" : true
            }
        }
    }, 
    "pid" : NumberLong(558174), 
    "buildinfo" : {
        "version" : "5.0.2", 
        "gitVersion" : "6d9ec525e78465dcecadcff99cce953d380fedc8", 
        "modules" : [

        ], 
        "allocator" : "tcmalloc", 
        "javascriptEngine" : "mozjs", 
        "sysInfo" : "deprecated", 
        "versionArray" : [
            NumberInt(5), 
            NumberInt(0), 
            NumberInt(2), 
            NumberInt(0)
        ], 
        "openssl" : {
            "running" : "OpenSSL 1.1.1i  8 Dec 2020", 
            "compiled" : "OpenSSL 1.1.1d  10 Sep 2019"
        }, 
        "buildEnvironment" : {
            "distmod" : "debian10", 
            "distarch" : "x86_64", 
            "cc" : "/opt/mongodbtoolchain/v3/bin/gcc: gcc (GCC) 8.5.0", 
            "ccflags" : "-Werror -include mongo/platform/basic.h -fasynchronous-unwind-tables -ggdb -Wall -Wsign-compare -Wno-unknown-pragmas -Winvalid-pch -fno-omit-frame-pointer -fno-strict-aliasing -O2 -march=sandybridge -mtune=generic -mprefer-vector-width=128 -Wno-unused-local-typedefs -Wno-unused-function -Wno-deprecated-declarations -Wno-unused-const-variable -Wno-unused-but-set-variable -Wno-missing-braces -fstack-protector-strong -Wa,--nocompress-debug-sections -fno-builtin-memcmp", 
            "cxx" : "/opt/mongodbtoolchain/v3/bin/g++: g++ (GCC) 8.5.0", 
            "cxxflags" : "-Woverloaded-virtual -Wno-maybe-uninitialized -fsized-deallocation -std=c++17", 
            "linkflags" : "-Wl,--fatal-warnings -pthread -Wl,-z,now -fuse-ld=gold -fstack-protector-strong -Wl,--no-threads -Wl,--build-id -Wl,--hash-style=gnu -Wl,-z,noexecstack -Wl,--warn-execstack -Wl,-z,relro -Wl,--compress-debug-sections=none -Wl,-z,origin -Wl,--enable-new-dtags", 
            "target_arch" : "x86_64", 
            "target_os" : "linux", 
            "cppdefines" : "SAFEINT_USE_INTRINSICS 0 PCRE_STATIC NDEBUG _XOPEN_SOURCE 700 _GNU_SOURCE _FORTIFY_SOURCE 2 BOOST_THREAD_VERSION 5 BOOST_THREAD_USES_DATETIME BOOST_SYSTEM_NO_DEPRECATED BOOST_MATH_NO_LONG_DOUBLE_MATH_FUNCTIONS BOOST_ENABLE_ASSERT_DEBUG_HANDLER BOOST_LOG_NO_SHORTHAND_NAMES BOOST_LOG_USE_NATIVE_SYSLOG BOOST_LOG_WITHOUT_THREAD_ATTR ABSL_FORCE_ALIGNED_ACCESS"
        }, 
        "bits" : NumberInt(64), 
        "debug" : false, 
        "maxBsonObjectSize" : NumberInt(16777216), 
        "storageEngines" : [
            "devnull", 
            "ephemeralForTest", 
            "wiredTiger"
        ]
    }
}
{ 
    "_id" : "rootx-1629828075919", 
    "hostname" : "rootx", 
    "startTime" : ISODate("2021-08-24T18:01:15.000+0000"), 
    "startTimeLocal" : "Tue Aug 24 23:31:15.919", 
    "cmdLine" : {
        "config" : "/etc/mongod.conf", 
        "net" : {
            "bindIp" : "127.0.0.1", 
            "port" : NumberInt(27017)
        }, 
        "processManagement" : {
            "timeZoneInfo" : "/usr/share/zoneinfo"
        }, 
        "storage" : {
            "dbPath" : "/var/lib/mongodb", 
            "journal" : {
                "enabled" : true
            }
        }, 
        "systemLog" : {
            "destination" : "file", 
            "logAppend" : true, 
            "path" : "/var/log/mongodb/mongod.log"
        }
    }, 
    "pid" : NumberLong(102029), 
    "buildinfo" : {
        "version" : "5.0.2", 
        "gitVersion" : "6d9ec525e78465dcecadcff99cce953d380fedc8", 
        "modules" : [

        ], 
        "allocator" : "tcmalloc", 
        "javascriptEngine" : "mozjs", 
        "sysInfo" : "deprecated", 
        "versionArray" : [
            NumberInt(5), 
            NumberInt(0), 
            NumberInt(2), 
            NumberInt(0)
        ], 
        "openssl" : {
            "running" : "OpenSSL 1.1.1i  8 Dec 2020", 
            "compiled" : "OpenSSL 1.1.1d  10 Sep 2019"
        }, 
        "buildEnvironment" : {
            "distmod" : "debian10", 
            "distarch" : "x86_64", 
            "cc" : "/opt/mongodbtoolchain/v3/bin/gcc: gcc (GCC) 8.5.0", 
            "ccflags" : "-Werror -include mongo/platform/basic.h -fasynchronous-unwind-tables -ggdb -Wall -Wsign-compare -Wno-unknown-pragmas -Winvalid-pch -fno-omit-frame-pointer -fno-strict-aliasing -O2 -march=sandybridge -mtune=generic -mprefer-vector-width=128 -Wno-unused-local-typedefs -Wno-unused-function -Wno-deprecated-declarations -Wno-unused-const-variable -Wno-unused-but-set-variable -Wno-missing-braces -fstack-protector-strong -Wa,--nocompress-debug-sections -fno-builtin-memcmp", 
            "cxx" : "/opt/mongodbtoolchain/v3/bin/g++: g++ (GCC) 8.5.0", 
            "cxxflags" : "-Woverloaded-virtual -Wno-maybe-uninitialized -fsized-deallocation -std=c++17", 
            "linkflags" : "-Wl,--fatal-warnings -pthread -Wl,-z,now -fuse-ld=gold -fstack-protector-strong -Wl,--no-threads -Wl,--build-id -Wl,--hash-style=gnu -Wl,-z,noexecstack -Wl,--warn-execstack -Wl,-z,relro -Wl,--compress-debug-sections=none -Wl,-z,origin -Wl,--enable-new-dtags", 
            "target_arch" : "x86_64", 
            "target_os" : "linux", 
            "cppdefines" : "SAFEINT_USE_INTRINSICS 0 PCRE_STATIC NDEBUG _XOPEN_SOURCE 700 _GNU_SOURCE _FORTIFY_SOURCE 2 BOOST_THREAD_VERSION 5 BOOST_THREAD_USES_DATETIME BOOST_SYSTEM_NO_DEPRECATED BOOST_MATH_NO_LONG_DOUBLE_MATH_FUNCTIONS BOOST_ENABLE_ASSERT_DEBUG_HANDLER BOOST_LOG_NO_SHORTHAND_NAMES BOOST_LOG_USE_NATIVE_SYSLOG BOOST_LOG_WITHOUT_THREAD_ATTR ABSL_FORCE_ALIGNED_ACCESS"
        }, 
        "bits" : NumberInt(64), 
        "debug" : false, 
        "maxBsonObjectSize" : NumberInt(16777216), 
        "storageEngines" : [
            "devnull", 
            "ephemeralForTest", 
            "wiredTiger"
        ]
    }
}
